{
  "config": {
    "items": [
      {
        "infra": {
          "name": "au50",
          "display": "Alveo U50 Data Center Accelerator Card",
          "revision": "1.0",
          "description": "Alveo U50 Data Center Accelerator Card",
          "company": "xilinx.com",
          "company_display": "Xilinx",
          "author": "Eamonc",
          "contributors": [
            {
              "group": "Xilinx",
              "url": "www.xilinx.com"
            }
          ],
          "category": "Single Part",
          "website": "http://www.xilinx.com/u50",
          "search-keywords": [
            "au50",
            "xilinx.com",
            "board",
            "Single Part"
          ]
        }
      }
    ]
  },
  "_major": 1,
  "_minor": 0
}